episode,episode_length,success,progress
0,450,False,0.42857142857142855
1,450,False,0.7142857142857143
2,450,False,0.7142857142857143
3,450,False,0.2857142857142857
4,450,False,0.2857142857142857
5,450,False,0.14285714285714285
