episode,episode_length,success,progress
0,450,False,0.2857142857142857
1,450,False,0.42857142857142855
2,450,False,0.5714285714285714
3,450,False,0.5714285714285714
4,450,False,0.14285714285714285
5,450,False,0.42857142857142855
6,450,False,0.5714285714285714
