episode,episode_length,success,progress
0,450,False,0.6666666666666666
1,450,False,0.6666666666666666
2,450,False,0.3333333333333333
3,450,True,1.0
4,450,True,1.0
5,450,False,0.6666666666666666
6,450,False,0.6666666666666666
7,450,False,0.6666666666666666
8,450,False,0.6666666666666666
9,450,True,1.0
10,450,True,1.0
11,450,True,1.0
12,450,True,1.0
13,450,False,0.3333333333333333
14,450,False,0.6666666666666666
15,450,True,1.0
16,450,False,0.3333333333333333
